{
  "session": {
    "profileId": "test-profile",
    "seed": "test-profile-2025-09-03",
    "anchor": {
      "x": 0.8917728635837783,
      "y": 0.48639759544510425
    },
    "weights": {
      "base": 0.6806728183710431,
      "wide": 0.29367309164597144,
      "rare": 0.02565408998298549
    },
    "stickiness": 0.8042589533282802,
    "lookPauseChance": 0.010523709446691594
  },
  "viewport": {
    "w": 394,
    "h": 852
  },
  "taps": {
    "total": 1000,
    "categories": {
      "base": 0,
      "wide": 0,
      "rare": 0,
      "fallback": null
    },
    "coordinateFrequencies": {
      "329,334": 2,
      "313,302": 2,
      "302,444": 2,
      "334,583": 2,
      "312,565": 2,
      "288,364": 2,
      "326,463": 2,
      "281,349": 2,
      "288,276": 2,
      "337,397": 2
    },
    "ranges": {
      "minX": 258,
      "maxX": 370,
      "minY": 240,
      "maxY": 607
    },
    "exclusionViolations": 0,
    "consecutiveRepeats": 0,
    "minDistanceViolations": 11
  },
  "histograms": {
    "x": [
      0,
      0,
      0,
      0,
      0,
      0,
      0,
      0,
      0,
      0,
      0,
      0,
      0,
      53,
      211,
      251,
      232,
      216,
      37,
      0
    ],
    "y": [
      0,
      0,
      0,
      0,
      0,
      10,
      118,
      130,
      138,
      131,
      114,
      126,
      112,
      115,
      6,
      0,
      0,
      0,
      0,
      0
    ]
  }
}